id,first_name,last_name,email,gender,ip_address
1,Annie,Branno,abranno0@yahoo.co.jp,Non-binary,120.206.128.245
2,Worthy,Levene,wlevene1@prlog.org,Female,115.159.147.121
3,Yolane,Trotman,ytrotman2@dailymotion.com,Bigender,5.222.103.140
4,Anna-diana,Surguine,asurguine3@exblog.jp,Non-binary,213.243.127.151
5,Gregg,Monnery,gmonnery4@constantcontact.com,Male,157.153.100.1
6,Sapphire,Whelpton,swhelpton5@merriam-webster.com,Agender,66.245.169.85
7,Nani,Ormshaw,normshaw6@google.cn,Non-binary,45.6.197.157
8,Ainsley,Howsin,ahowsin7@state.tx.us,Non-binary,227.4.107.245
9,Ainslee,Fedorski,afedorski8@technorati.com,Non-binary,12.46.147.169
10,Lydia,Aingell,laingell9@bluehost.com,Agender,19.76.253.105
